{
  "val": {
    "accuracy": 0.770661,
    "f1_macro": 0.810585,
    "f1_weighted": 0.76878,
    "f1_background": 0.925777,
    "f1_bebop": 0.702383,
    "f1_ar": 0.727636,
    "f1_phantom": 0.886544
  },
  "test": {
    "accuracy": 0.770661,
    "f1_macro": 0.810585,
    "f1_weighted": 0.76878,
    "f1_background": 0.925777,
    "f1_bebop": 0.702383,
    "f1_ar": 0.727636,
    "f1_phantom": 0.886544
  }
}