{
  "val": {
    "accuracy": 0.767665,
    "f1_macro": 0.807202,
    "f1_weighted": 0.765089,
    "f1_background": 0.920476,
    "f1_bebop": 0.696889,
    "f1_ar": 0.725946,
    "f1_phantom": 0.885496
  },
  "test": {
    "accuracy": 0.767665,
    "f1_macro": 0.807202,
    "f1_weighted": 0.765089,
    "f1_background": 0.920476,
    "f1_bebop": 0.696889,
    "f1_ar": 0.725946,
    "f1_phantom": 0.885496
  }
}