{
  "val": {
    "accuracy": 0.997841,
    "f1_macro": 0.998515,
    "f1_weighted": 0.997841,
    "f1_background": 1.0,
    "f1_bebop": 0.997079,
    "f1_ar": 0.99698,
    "f1_phantom": 1.0
  },
  "test": {
    "accuracy": 0.997841,
    "f1_macro": 0.998515,
    "f1_weighted": 0.997841,
    "f1_background": 1.0,
    "f1_bebop": 0.997079,
    "f1_ar": 0.99698,
    "f1_phantom": 1.0
  }
}