{
  "val": {
    "accuracy": 0.767048,
    "f1_macro": 0.807198,
    "f1_weighted": 0.764538,
    "f1_background": 0.92756,
    "f1_bebop": 0.691199,
    "f1_ar": 0.727481,
    "f1_phantom": 0.882555
  },
  "test": {
    "accuracy": 0.767048,
    "f1_macro": 0.807198,
    "f1_weighted": 0.764538,
    "f1_background": 0.92756,
    "f1_bebop": 0.691199,
    "f1_ar": 0.727481,
    "f1_phantom": 0.882555
  }
}